{"Marredpally, Hyderabad": [17.4507936, 78.5048972], "Rasoolpura, Hyderabad": [17.4471569, 78.4786038], "Boiguda, Hyderabad": [17.4286363, 78.4969962], "Hussain Sagar Lake, Hyderabad": [17.4229112, 78.475421], "Lumbini Park, Hyderabad": [17.4097139, 78.4728234], "Golconda Fort, Hyderabad": [17.3833665, 78.4010991], "Qutb Shahi Tombs, Hyderabad": [17.3973713, 78.4001622], "Taramati Baradari, Hyderabad": [17.3761241, 78.3781632], "Salar Jung Museum, Hyderabad": [17.371392, 78.4801498], "Chowmahalla Palace, Hyderabad": [17.3575817, 78.4717055], "Falaknuma Palace, Hyderabad": [17.3318413, 78.4658488], "Mallepally, Hyderabad": [17.3920728, 78.4546129], "Shilparamam, Hyderabad": [17.4514663, 78.3774635], "Birla Mandir, Hyderabad": [17.4056977, 78.4692594]}